code_city,pop_city
120001,15490
120005,7534
120010,26702
120013,10420
120017,12008
120020,89072
120025,18696
120030,34884
120032,8473
120034,9581
120035,19299
120033,19311
120038,19955
120080,18824
120039,12241
120040,413418
120042,19351
120043,6717
120050,46511
120045,23236
120060,43151
120070,19596
270020,17526
270030,233047
270040,47365
270050,16068
270060,8378
270070,18338
270090,6710
270080,4284
270100,27356
270110,10460
270120,10889
270130,21331
270135,6954
270140,57537
270150,9567
270160,17719
270170,16979
270180,9159
270190,7311
270200,10643
270210,21818
270220,5864
270230,57294
270235,24309
270240,52262
270250,11067
270255,18255
270260,22178
270270,4779
270280,12807
270290,41237
270300,15627
270310,25613
270320,24586
270330,18392
270340,5219
270350,7006
270360,8403
270370,5761
270375,11536
270380,24081
270390,4137
270400,24722
270410,17771
270420,28771
270430,1025360
270440,19864
270490,3494
270450,33032
270460,9004
270470,52380
270480,13193
270500,25207
270510,24634
270520,18031
270530,5322
270540,7165
270550,28333
270560,12764
270590,5128
270570,21738
270580,9441
270600,11657
270610,11535
270620,5037
270630,73337
270642,10539
270644,13332
270650,15258
270660,7560
270670,63846
270680,17848
270690,35212
270700,2905
270710,25183
270730,27249
270750,20112
270740,7701
270720,14418
270640,24351
270760,11248
270770,75394
270780,6649
270790,7320
270800,47819
270810,10687
270890,13936
270895,13921
270820,6969
270830,23996
270840,32405
270850,34692
270860,61797
270870,8013
270880,34290
270900,6138
270910,20072
270915,44372
270920,27826
270930,65790
270940,25693
270010,20230
130002,16220
130006,11736
130008,13956
130010,21477
130014,22359
130020,20398
130030,40290
130040,27638
130050,32483
130060,43935
130063,20093
130068,19626
130070,34635
130080,41748
130083,13283
130090,15807
130100,28508
130110,38348
130115,30846
130120,85910
130130,29168
130140,35700
130150,20393
130160,17005
130165,16937
130170,56144
130180,30436
130185,49011
130190,102701
130195,7814
130200,9230
130210,2251
130220,15106
130230,13886
130240,46882
130250,98502
130255,33049
130260,2219580
130270,56583
130280,18261
130290,65040
130300,21443
130310,38026
130320,19928
130330,26046
130340,115363
130350,19522
130353,37193
130356,34106
130360,25865
130370,21243
130400,9230
130380,46303
130390,40073
130395,14352
130406,67182
130410,17015
130420,59547
130423,18897
130426,13690
130430,16130
130440,23585
160010,9187
160020,11306
160021,6101
160023,7967
160025,5617
160027,51362
160030,512902
160040,22053
160050,27906
160015,17067
160053,22452
160055,5246
160060,123096
160005,5488
160070,17769
160080,16254
290020,20347
290010,8710
290030,15187
290035,17126
290060,4416
290070,152327
290080,22490
290090,5366
290100,37441
290110,25048
290115,16090
290120,21607
290130,13132
290135,14503
290140,13938
290150,11297
290160,19479
290170,11677
290180,11878
290190,17788
290195,7302
290200,13045
290210,54648
290220,11461
290225,10961
290230,8837
290205,12208
290240,11299
290250,13929
290260,20449
290265,13240
290270,53910
290280,20392
290290,31209
290300,13833
290310,5612
290320,156975
290323,15054
290330,5448
290327,16105
290340,23437
290350,17109
290360,15984
290370,12329
290380,18531
290390,69662
290395,9823
290400,14446
290405,16884
290410,21497
290420,10129
290440,10618
290430,14222
290450,10130
290460,67335
290470,18306
290475,21276
290480,6488
290485,18911
290490,33567
290500,23291
290515,14608
290520,51081
290530,18513
290540,18427
290550,13391
290560,32006
290580,35382
290570,304302
290590,28820
290600,71487
290620,26325
290630,30906
290640,8181
290650,87458
290660,14368
290680,34882
290682,16753
290610,9703
290685,11616
290687,30862
290690,22093
290689,8801
290700,9346
290710,29070
290720,72545
290730,26318
290740,3599
290750,54970
290755,9316
290510,9058
290760,17280
290770,11200
290790,17352
290800,16549
290810,18807
290820,22762
290830,17165
290840,67013
290850,33398
290860,26035
290870,17178
290880,4045
290890,22495
290900,8642
290910,14149
290920,15717
290930,32191
290940,13769
290950,5351
290970,13947
290960,21163
290980,63591
290990,34886
290670,25053
290780,32576
291005,82432
291010,12240
291020,4065
291000,10525
291030,8126
291040,16446
291050,41901
291060,37578
291070,60858
291072,114396
291077,5661
291080,619609
291085,16345
291090,5629
291100,10575
291110,25857
291075,17845
291120,32596
291125,4440
291130,11259
291140,15234
291150,6985
291160,20762
291165,6646
291170,84928
291180,20700
291185,12987
291190,24121
291200,9031
291210,21378
291220,19786
291230,16230
291240,18319
291250,14947
291260,4046
291270,23404
291280,8690
291290,14882
291300,16403
291310,17080
291320,27003
291330,6220
291340,15650
291345,13091
291350,26963
291360,159923
291370,40333
291380,14354
291390,45922
291400,59435
291410,9911
291420,7279
291430,8197
291440,25478
291450,29173
291460,73524
291465,30747
291470,64646
291480,213685
291490,28684
291500,16110
291510,12242
291520,14452
291530,6825
291535,14542
291540,6596
291550,20398
291560,64455
291570,8003
291580,22754
291590,6436
291600,19316
291610,22337
291630,10215
291640,76795
291650,35883
291660,10298
291620,8526
291670,8347
291680,19843
291685,14539
291690,12528
291700,36116
291710,20388
291720,19030
291730,28740
291733,11016
291735,8277
291740,14850
291750,80635
291760,54673
291770,33746
291780,18981
291790,10726
291800,156126
291810,40651
291820,14557
291830,10808
291835,25402
291840,218162
291845,8988
291850,15262
291855,5768
291860,5976
291870,3693
291875,15770
291880,24032
291900,3758
291905,8577
291890,3975
291910,8191
291915,27274
291920,201635
291930,11499
291940,12373
291950,46062
291955,90162
291960,11332
291970,18909
291980,50161
291990,7787
291992,21432
291995,2764
292000,10206
292010,18602
292020,16861
292030,8359
292040,13087
292045,13734
292050,20393
292060,44793
292070,20617
292080,10380
292090,13717
292100,47126
292105,12283
292110,22716
292120,25894
292130,10893
292140,18474
292145,8447
292150,49278
292160,8497
292170,35440
292180,12052
292190,8889
292200,42251
292205,10673
292210,26970
292220,7443
292225,11417
292230,29410
292240,22282
292250,28594
292260,14079
292265,13164
292270,16472
292273,7821
292275,6554
292280,8279
292285,9123
292290,26998
292300,43783
292303,12522
292305,15443
292310,28304
292320,21810
292330,8570
292335,17511
292340,21796
292350,9071
292360,21695
292370,32141
292380,29058
292390,9686
292400,118516
292420,16682
292410,7394
292430,16984
292440,35175
292450,16285
292460,20098
292465,10394
292467,10036
292470,10475
292480,24964
292490,9370
292500,26426
292520,39972
292525,14819
292530,150658
292540,6916
292510,46879
292550,28194
292560,15160
292570,12179
292575,28004
292405,13556
292580,25433
292590,27626
292593,8956
292595,22633
292600,41170
292610,14495
292640,35593
292620,22334
292630,33468
292650,14612
292660,53956
292665,5343
292700,40976
292670,12932
292680,15448
292690,11663
292710,9442
292720,30857
292730,15862
292740,2886698
292760,14063
292750,20883
292770,27922
292780,6278
292790,10606
292805,12449
292810,39775
292840,28481
292850,10464
292800,37531
292820,26705
292830,8966
292860,60131
292870,102380
292880,53269
292960,17409
292975,12105
292980,12943
292990,44234
293000,11512
293010,79424
293020,40989
293030,17321
293040,14699
293015,31416
293050,81286
293060,13446
293070,135783
293077,23233
293080,17050
292970,17302
292890,34266
292895,9072
292910,21080
292920,40245
292900,14762
292905,15468
292925,18789
292930,37942
292935,5608
292937,10505
292940,11704
292950,44430
293075,13059
293076,9701
293090,12516
293100,20393
293105,17443
293110,7928
293120,21253
293130,16974
293135,162438
293140,7359
293150,22555
293160,15022
293170,13025
293180,16189
293190,50798
293200,24113
293220,18847
293230,27263
293210,19877
293240,13891
293245,19402
293250,18544
293260,16665
293270,20413
293280,19256
293300,28800
293290,97233
293317,8785
293320,43716
293325,6153
293330,341128
293315,12625
293305,14121
293310,9210
293340,9344
293345,12180
293350,20978
293360,46523
290040,17033
290050,10560
230010,11853
230015,15036
230020,63104
230030,54481
230040,17493
230050,11781
230060,7650
230070,17196
230075,43829
230080,7378
230090,14672
230100,80935
230110,74975
230120,26535
230125,10959
230130,21654
230140,11802
230150,7844
230160,23478
230170,24610
230180,6303
230185,18256
230190,61228
230195,22573
230200,22758
230205,15044
230210,35941
230220,53949
230230,32722
230240,54577
230250,49842
230260,63907
230270,27470
230280,77244
230290,17786
230300,22782
230320,26987
230310,18459
230330,18699
230340,17685
230350,72232
230360,20871
230365,10376
230370,365212
230380,25585
230390,13091
230395,20274
230393,13565
230400,23239
230410,75159
230420,133031
230423,18133
230425,24977
230426,9662
230427,7225
230428,54337
230430,19389
230435,24452
230440,2686612
230445,16631
230450,14134
230460,7694
230470,54962
230480,4814
230465,14407
230490,11144
230495,26290
230500,40784
230510,5132
230520,20053
230523,68529
230526,13369
230530,25082
230533,12629
230535,20060
230540,68162
230550,103074
230560,26187
230565,11596
230570,12485
230580,42058
230590,38114
230600,14326
230610,24305
230625,38325
230620,7866
230630,53067
230640,130539
230650,20520
230655,42215
230660,21836
230670,18147
230680,11492
230690,34636
230700,33834
230710,27181
230720,8130
230725,20087
230730,276264
230740,24892
230750,31492
230760,59890
230763,19864
230765,229458
230770,130346
230780,27595
230790,11321
230800,39044
230810,48168
230820,15185
230830,27462
230835,13142
230837,13894
230840,35480
230850,43858
230860,17249
230870,61738
230880,8779
230890,22685
230900,14549
230910,10941
230920,15684
230930,32408
230940,28673
230945,25833
230950,21384
230960,73188
230970,84554
230980,12288
230990,6549
231000,9422
231010,13439
231020,35304
231025,32992
231030,31455
231040,12252
231050,43309
231060,9143
231070,37900
231080,16331
231085,20769
231090,17086
231095,11001
231100,12347
231110,14958
231120,11106
231123,6437
231126,21166
231130,88321
231135,16147
231140,81778
231150,22293
231160,29146
231170,18385
231180,78882
231190,15788
231195,16635
231220,43711
231200,32654
231210,17712
231270,25456
231280,7691
231290,210711
231300,18357
231230,48131
231240,48869
231250,7601
231260,13044
231310,30807
231320,26225
231325,8573
231330,59062
231335,19371
231340,76537
231350,56291
231355,16431
231360,35047
231370,7736
231375,19903
231380,22040
231390,13915
231395,18471
231410,61410
231400,40903
530010,3055149
320010,30455
320020,29975
320030,14636
320035,7874
320040,29779
320050,7554
320060,103101
320070,12105
320080,31132
320090,44979
320100,15092
320110,9962
320115,12427
320120,210589
320130,383917
320140,37747
320150,123400
320160,31273
320170,12806
320180,4270
320190,33986
320200,6771
320210,22835
320220,21948
320225,12880
320240,126701
320230,31122
320245,26426
320250,12591
320255,8859
320260,13973
320265,13526
320270,14023
320280,34656
320290,10494
320300,29290
320305,31039
320310,12265
320313,16722
320316,10933
320320,176688
320330,15503
320332,38883
320334,16920
320335,12963
320340,26115
320350,18894
320360,5496
320370,17319
320380,15526
320390,50434
320400,23306
320405,26381
320410,27327
320420,22053
320425,7940
320430,11658
320435,19271
320440,11626
320450,12197
320455,41015
320460,23724
320500,527240
320501,30680
320465,8687
320470,38522
320480,10546
320490,132642
320495,12510
320503,21591
320506,25745
320510,79500
320515,9244
320517,14073
320520,501325
320530,365855
320016,10909
320013,9631
520005,8958
520010,20461
520013,22546
520015,2516
520030,28010
520050,1986
520055,6605
520060,7688
520080,8705
520082,3845
520085,6164
520090,3069
520120,1160
520130,21981
520110,391772
520140,590146
520145,2474
520150,4232
520170,20273
520180,10496
520215,7783
520160,3486
520235,2536
520250,10110
520260,3058
520280,2409
520310,5280
520320,11408
520330,30492
520340,8869
520350,25648
520355,9919
520357,4493
520360,3746
520380,5797
520390,9484
520393,2476
520396,3283
520400,8046
520410,12666
520425,8031
520420,1342
520440,19107
520450,93196
520455,3848
520460,3649
520465,3632
520470,12764
520480,7738
520485,7940
520490,20007
520495,1830
520500,10186
520505,3407
520510,110983
520520,5101
520530,9725
520430,16270
520540,22306
520545,8703
520547,10486
520549,72890
520551,20504
520552,3360
520590,9869
520580,11169
520620,60210
520630,2964
520640,17044
520650,3472
520660,2837
520570,2290
520670,3306
520680,2953
520690,2094
520710,2479
520830,4778
520725,7247
520735,3688
520740,12467
520750,3264
520753,6576
520760,5553
520780,13449
520790,17005
520800,123684
520810,4172
520815,3880
520850,5625
520880,45296
520840,11224
520860,71075
520910,34202
520890,22381
520870,1536097
520915,5988
520920,14207
520940,3846
520929,1951
520945,1737
520960,3733
520980,3508
520970,22124
520990,14082
520993,6235
520995,15787
521000,53259
521010,27174
521015,2893
521020,31499
521030,2786
521040,43622
521056,4685
521060,5206
521080,4475
521090,23421
521100,4685
521120,25681
521130,7259
521140,8960
521150,105809
521160,2334
521170,6025
521180,51338
521190,102065
521200,2860
521205,2506
521210,7402
521220,18371
521225,1621
521230,7651
521250,211508
521260,2363
521270,9081
521280,9363
521290,2250
521295,4336
521300,14327
521305,2583
521308,28793
521310,68154
521340,1501
521350,8684
521370,8047
521375,13672
521377,4509
521380,46548
521385,2232
521390,4206
521400,15870
521405,4713
521410,3764
521440,9260
521450,30395
521460,46730
521470,2357
521480,2222
521483,12945
521486,8112
521487,2934
521490,3236
521500,10018
521520,2843
521523,117703
521525,4544
521530,15725
521540,3723
521550,6782
521560,34430
521565,3467
521570,29392
521580,2381
521590,3582
521600,2603
521630,10140
521640,10980
521645,3143
521680,10261
521690,2194
521710,24548
521720,10272
521730,25064
521740,31686
521760,90640
521770,17860
521800,45633
521805,3931
521810,4022
521830,37414
521839,3203
521850,50701
521860,10940
521870,4817
521878,4612
521880,241518
521890,19947
521900,7632
521910,6634
521920,2819
521925,5523
521930,38808
521935,3815
521940,8935
521945,3355
521950,2252
521960,3280
521970,8562
521971,4854
521973,6440
521975,75829
522045,118451
522050,8642
522060,20816
522068,6879
521980,13103
521990,6267
522000,14085
522005,1345
522015,5215
522010,34157
522020,21920
522026,4082
522028,2037
522040,20985
522070,3001
522100,3521
522108,3498
522119,8186
522140,129823
522145,3498
522130,2830
522155,5365
522150,4564
522157,2840
522170,13818
522160,40840
522180,3066
522185,172135
522190,3838
522200,13977
522205,8873
522220,6312
522230,5882
520017,5793
520020,1830
520025,217698
210010,6578
210020,22112
210030,26757
210040,8189
210043,27858
210047,31943
210050,11212
210055,7005
210060,41729
210070,26988
210080,15894
210083,17413
210087,15551
210090,46771
210095,32764
210100,29932
210110,12183
210005,113121
210120,104790
210125,17252
210130,18654
210135,5670
210140,95929
210160,88492
210170,63217
210150,18924
210177,11279
210173,7528
210180,5638
210190,21299
210193,6073
210197,8382
210200,41822
210203,34567
210207,16438
210210,36651
210215,9014
210220,28798
210230,23939
210232,72983
210235,15467
210237,9478
210240,11216
210250,19451
210255,14453
210270,22117
210275,10935
210280,24165
210290,23952
210300,165525
210310,10693
210312,8740
210317,21840
210315,13670
210320,80195
210325,14777
210330,123116
210340,49621
210350,41312
210355,16400
210360,65544
210370,32626
210260,20278
210375,12916
210380,23372
210390,11401
210400,17104
210405,42527
210407,8484
210408,10460
210409,19258
210410,12647
210420,15567
210430,11963
210440,17944
210450,10886
210455,18520
210460,16882
210462,7841
210465,10151
210467,25539
210480,70065
210470,6261
210490,11997
210500,28932
210510,27269
210520,11387
210515,14324
210530,259337
210535,16005
210540,68723
210542,26068
210545,10310
210547,17040
210560,16198
210550,23740
210565,4392
210590,16314
210570,50616
210580,10869
210594,8857
210596,11464
210592,11265
210598,7602
210600,11918
210610,12214
210620,6984
210630,20029
210632,21586
210635,7775
210637,16511
210640,16977
210650,23482
210660,33943
210663,17033
210667,8483
210670,21031
210675,28754
210680,15011
210700,9111
210690,33664
210710,19572
210720,14642
210725,5427
210730,4682
210735,21080
210740,19561
210745,14836
210760,19781
210770,21479
210780,35008
210790,19137
210800,19583
210805,16166
210810,21066
210750,123747
210820,39191
210825,25354
210830,38731
210840,14345
210845,23364
210850,33065
210860,83777
210870,21379
210880,18720
210900,24092
210905,5955
210890,17595
210910,48036
210920,12838
210923,7070
210927,19069
210930,11261
210940,15431
210945,31177
210950,20334
210955,7825
210960,42994
210970,5679
210975,7826
210980,42483
210990,89489
211000,72887
211003,25371
211010,25764
211020,38298
211023,13547
211027,16034
211030,14522
211172,14096
211174,11214
211176,14050
211178,10299
211190,10634
211195,5676
211040,18717
211050,45604
211060,28667
211065,7420
211070,34384
211085,11941
211090,12218
211080,4562
211120,179028
211125,7640
211100,20701
211102,15787
211105,11193
211107,18645
211110,25996
211130,1108975
211140,18727
211150,41579
211153,12735
211157,4684
211160,18980
211163,5131
211167,6789
211170,22350
211180,18160
211200,8582
211210,29183
211220,170222
211223,22112
211227,5854
211230,42040
211240,35709
211245,25868
211250,59398
211260,33459
211270,57168
211280,52649
211285,13598
211300,31522
211290,32861
211400,51956
210015,12652
310010,7006
310020,23250
310030,13444
310040,3994
310080,4522
310110,25141
310120,5976
310130,2665
310140,3011
310160,80494
310163,6981
310170,42143
310180,7436
310190,19958
310200,14517
310205,5894
315350,8301
310210,10859
310220,3844
310230,15169
310240,3605
310150,35401
310250,4678
310260,41396
310280,12206
310285,8557
310290,11459
310300,9275
310310,1587
310330,2059
310350,117825
310360,2787
310370,8453
310375,6931
310380,2835
310400,107337
310320,2354
310340,36712
310390,9401
310410,10883
310420,40380
310430,15181
310440,2704
310445,5269
310450,17862
310460,14270
310470,12678
310480,4851
310050,9368
310490,19199
310500,7803
310510,23898
310520,4766
310530,5778
310560,138204
310570,5015
310590,20897
310540,32866
310550,5354
310600,10262
310610,3425
310620,2521564
310630,26994
310640,7719
310650,11872
310665,4764
310660,4607
310670,444784
310680,3329
310690,14554
310700,2498
310710,40219
310720,5089
310730,50256
310740,51028
310750,6459
310760,4244
310770,6133
310780,14862
310790,10537
310800,17607
310810,6860
310820,5444
310825,11369
310830,19614
310840,14949
310850,6288
310855,16748
310860,32405
310890,14410
310880,4769
310900,40666
310870,4293
310910,10991
310920,10353
310925,3983
310930,25013
310940,28121
310945,6988
310950,14075
310980,2706
310960,3591
310970,11579
310270,9442
310990,11749
311000,45047
311010,5541
311020,3974
311030,14541
311040,2869
311050,21801
311070,12812
311060,29814
311090,16762
311080,3730
311100,21054
311110,19752
311115,3824
311120,54186
311140,8269
311130,11651
311150,15563
311160,28842
311190,5594
311170,4548
311200,14888
311205,4551
311180,12201
311210,5451
311220,4634
311230,38057
311240,6890
311250,9826
311260,16234
311265,5514
311270,15313
311280,8663
311290,9308
311310,3166
311320,25669
311330,33011
311340,92603
311300,23780
311350,9414
311360,6792
311370,18674
311390,12182
311400,11511
311410,14947
311420,22693
311430,30334
311440,21268
311380,2646
311450,19559
311455,10066
311460,4049
311480,4461
311470,3597
311490,2254
311500,3092
311530,75540
311535,5421
311540,3653
311545,6257
311547,4965
311550,21610
311570,7046
311580,10346
311600,5699
311615,13953
311610,15345
311620,2671
311590,3186
311630,6799
311640,4853
311650,7514
311660,28859
311670,7594
311680,8841
311690,3120
311700,6774
311710,10322
311520,3946
311730,28346
311720,2813
311740,4578
311750,17503
311760,5533
311770,13684
311780,11748
311787,6800
311790,12082
311800,55309
311810,5046
311820,6969
311830,129606
311840,22949
311850,1784
311860,668949
311870,9128
311880,26611
311890,8897
311900,3542
311910,23668
311920,9943
311930,27966
311940,110290
311950,9215
311960,3090
311970,3441
312010,4423
312020,12931
312040,5156
312050,10226
312030,5982
312015,6760
312060,5054
312070,3639
312080,15474
312083,5005
312087,7799
312090,80616
311510,17740
311980,3191
311995,6382
312000,2728
311990,3694
311783,7686
312100,5421
312110,8016
312120,7131
312125,10768
312130,5029
312140,7255
312150,2884
312160,47825
312170,3790
312180,7609
312200,19976
312210,4974
312220,7614
312190,3424
312230,240408
312235,6868
312240,6025
312245,11211
312247,3655
312250,5048
312260,4451
312270,5232
312280,2997
312290,6619
312300,10223
312310,5154
312320,13427
312330,4230
312340,1533
312350,1912
312352,7870
312360,28320
312370,11202
312380,7241
312385,5377
312390,15380
312400,18958
312410,71551
312420,25122
312430,31610
312440,4710
312450,11386
312460,2325
312470,3491
312480,8018
312490,11330
312500,3923
312510,36951
312520,2376
312530,3221
312560,7504
312570,15433
312540,4704
312580,3466
312590,9696
312595,11054
312600,7533
312610,67822
312620,9688
312630,4437
312640,2967
312650,10321
312660,5242
312670,26369
312675,5338
312680,5869
312690,9664
312695,3487
312700,18492
312705,4561
312707,5299
312710,60012
312720,4392
312730,6790
312733,5096
312735,3164
312737,3378
312738,3990
312750,6171
312740,4355
312760,11818
312770,281046
312790,1387
312780,15890
312800,34573
312810,14258
312820,10315
312825,4989
312840,8918
312830,19017
312850,3775
312860,6569
312870,52078
312880,7051
312890,8105
312900,8343
312910,5577
312920,6591
312930,11045
312940,5010
312960,8437
312965,5369
312970,13986
312980,182153
312990,3492
313000,2996
312950,25358
313005,12097
313010,43817
313020,11005
313030,7923
313040,6610
313050,12444
313055,6940
313060,7358
313065,7339
313070,6951
313080,2776
313090,24079
313100,6312
313110,7560
313115,18769
313120,20000
313130,265409
313140,4225
313150,10118
313160,7027
313170,120904
313180,11576
313190,52446
313200,5417
313210,18164
313220,13435
313230,12836
313240,97334
313250,34936
313260,4375
313270,23209
313280,2056
313290,10157
313300,15714
313310,15423
313320,12244
313330,21029
313340,15379
313350,21761
313360,9881
313370,11252
313390,5369
313375,16199
313380,93847
313400,15022
313410,6063
313420,105255
313430,6000
313440,39690
313450,3768
313460,20418
313470,12323
313490,26264
313480,7691
313500,3142
313507,5429
313510,72018
313520,67852
313530,4384
313535,7982
313505,39388
313540,4852
313545,7738
313550,12315
313560,7468
313570,5207
313580,25474
313590,4780
313610,4476
313640,4727
313600,15455
313650,10842
313657,4889
313652,4487
313655,5050
313620,80416
313630,47726
313665,27392
313670,573285
313680,4345
313690,10681
313695,5715
313700,18193
313710,7600
313740,13063
313750,18111
313753,9608
313760,65657
313720,52711
313730,4082
313770,19918
313780,20907
313790,3379
313800,6833
313810,6503
313820,104783
313830,3226
313835,4920
313840,52640
313850,5031
313860,16724
313862,7589
313865,9714
313867,6258
313868,6718
313870,5438
313880,18257
313890,7111
313900,42413
313910,5109
313920,18602
313925,6554
313930,18226
313940,91169
313950,22802
313960,27647
313980,12901
313970,8046
313990,14056
314000,61288
314010,4097
314020,2987
314030,4034
314040,2728
314050,13443
314053,8531
314055,8644
314060,4436
314070,31364
317150,3179
314080,14548
314085,11260
314090,19005
314100,12412
314110,38151
314120,3741
314130,3832
314140,20759
314150,6446
314160,10758
314170,5546
314180,31497
314190,3893
314200,13620
314210,10787
314225,4914
314220,15111
314230,4934
314240,7554
314250,2202
314260,8727
314270,14747
314280,21236
314290,20696
314300,13152
314310,47931
314315,4923
314320,21513
314340,24029
314330,413487
314345,8315
314350,8910
314360,2437
314370,3153
314380,5994
314390,109392
314400,26961
314410,20545
314015,15619
314420,3220
314430,40665
314435,7051
314437,3308
314440,4728
314450,8660
314460,26826
314465,10326
314467,3128
314470,17551
314480,96157
314490,3573
314500,15800
314505,7497
314510,16832
314520,105520
313660,5732
314530,31335
314535,10778
314537,5324
314540,1720
314545,6171
314560,41840
314570,2130
314550,2809
314580,3152
314585,4663
314587,8079
314590,39867
314600,33791
314610,74558
314620,5914
314625,6423
314630,20252
314655,6094
314640,4462
314650,8296
314660,1523
314670,6611
314675,5349
314690,15800
314700,93862
314720,21605
314730,21221
314740,24700
314710,94808
314760,16393
314770,8057
314780,2031
314750,1633
314790,115337
314795,6002
314800,153585
314810,91449
314820,5715
314830,9584
314840,4812
314850,8419
314870,24329
314875,7128
314900,2532
314880,3005
314890,3974
314910,11146
314915,12212
314920,3643
314930,64712
314940,1806
314950,3330
314960,4432
314970,11755
314980,16321
314990,21485
314995,6773
315000,4256
314860,17537
315010,2733
315015,8702
315020,4140
315030,4466
315040,5009
315050,8688
315053,4986
315057,7524
315060,6398
315070,6348
315080,17634
315100,8640
315090,5488
315110,10772
315120,56640
315130,10759
315140,28215
315150,34918
315160,12292
315190,8359
315200,32035
315210,59875
315213,4283
315217,12179
315220,37864
315230,11348
315240,16616
315250,152549
315260,5900
315170,16846
315180,168641
315270,9080
315280,28017
315300,3631
315290,8566
315310,5341
315320,3606
315330,3001
315340,19627
315360,10834
315370,3584
315380,1943
315390,16429
315400,23711
315410,10520
315415,7201
315420,11540
315430,17396
315440,4817
315445,8134
315450,9476
315470,4047
315460,338197
315480,10420
315490,13473
315500,2620
315520,5402
315530,5879
315540,8957
315550,12335
315560,31045
315570,14332
315580,17959
315590,5485
315600,12739
315510,5133
315610,4562
315620,2320
315630,8224
315640,3520
315645,4622
315650,5798
315660,10256
315670,137125
315680,15416
315690,26374
315700,41699
315710,7012
315720,31604
315725,8181
315727,3182
315730,4407
315733,8664
315737,4107
315740,4725
315750,4381
315760,3826
315765,6386
315770,14255
315780,220444
315790,16302
315800,10857
315810,5217
315820,14611
315920,8924
315940,3402
315930,4863
315935,7268
315950,5457
315960,43753
315970,3357
315980,19872
315830,7073
315840,3891
315850,7589
315860,3981
315870,2476
315880,4834
315890,8667
315895,35369
315900,4315
315910,3765
315990,18613
316000,3602
316010,3886
316020,3799
316030,11604
316040,28427
316045,7297
316050,1760
316060,3065
316070,46421
316540,6989
316550,6361
316553,33413
316556,2606
316557,5361
316560,2003
316570,7858
316580,1461
316590,4105
316600,5786
316610,3519
316620,10467
316630,7333
316640,1854
316650,4292
316660,776
316680,11668
316670,8713
316690,7668
316700,1956
316695,4809
316710,20940
316720,241835
316555,12378
316730,2264
316740,6248
316760,19736
316750,2618
316770,5514
316780,6189
316080,5349
316090,3754
316095,5658
316100,17327
316110,56477
316120,6520
316130,6274
316140,4800
316105,3362
316150,12562
316160,3910
316165,4059
316170,8459
316180,12597
316190,11019
312550,3173
316200,25561
316210,35782
316292,32148
316294,7480
316295,24135
316300,4280
316310,5079
316320,4210
316330,3856
316340,5387
316350,6431
316360,2806
316220,7498
316280,15767
316290,26447
316225,4932
316230,2746
316240,25098
316245,13125
316250,90497
316255,11674
316257,5918
316260,7444
316265,4448
316270,23709
316370,46202
316380,6944
316390,4610
316410,5202
316400,7706
316420,12529
316430,7076
316440,5552
316443,3024
316447,6627
316450,9963
316460,6863
316470,71445
316480,1492
316490,2250
316500,10960
316510,7000
316520,7120
316530,7815
316790,3708
316800,34397
316805,3101
316810,4832
316820,1872
316830,4099
316840,14302
316850,11670
316860,140937
316870,90568
316880,8072
316890,6424
316900,16715
316905,4109
316910,6297
316920,7850
316930,80032
316935,32716
316940,56940
316950,6765
316960,25398
316970,20125
316980,5070
317005,12493
317000,12599
317010,337092
317020,699097
316990,116797
317030,2596
317040,84930
317043,4284
317047,3260
317052,17173
317050,10345
317057,6470
317060,2148
317065,5026
317070,136602
317075,7138
317090,19305
317100,20642
317103,9443
317107,5727
317115,4846
317110,4045
317120,129765
317140,3589
317160,13740
317180,10484
317190,5340
317170,8663
317200,42965
317130,79388
317210,5261
317080,39803
317220,2548
310060,13523
310070,1992
310090,19247
310100,13599
500025,5417
500060,39826
500070,25237
500080,9076
500085,10932
500090,9020
500100,26069
500110,48029
500124,12332
500150,7266
500190,23325
500200,11349
500210,24735
500215,7838
500220,22190
500230,11853
500240,30593
500260,13693
500270,906092
500280,6182
500290,22002
500295,25865
500310,6054
500315,15352
500320,112058
500325,21142
500330,33459
500345,12984
500348,11467
500350,5975
500370,225495
500375,12400
500390,3059
500380,19170
500400,9950
500410,9824
500430,16176
500440,7588
500450,25162
500460,21376
500470,23232
500480,9243
500490,7265
500500,26238
500510,4021
500515,6787
500520,23689
500525,7419
500540,48022
500560,28220
500568,18473
500570,55689
500580,13862
500600,22430
500620,55224
500625,3684
500630,42276
500635,14404
500627,5654
500640,7621
500660,93937
500690,17298
500710,24966
500720,38186
500730,4793
500740,19973
500750,5079
500755,7900
500780,6542
500770,10771
500790,59245
500793,19721
500769,27221
500795,11674
500797,3588
500800,22269
500830,123281
500840,6109
500020,15776
510010,5334
510025,51959
510030,19385
510035,6936
510040,12151
510050,11473
510060,11133
510080,10283
510100,3109
510120,946
510125,16951
510130,9502
510140,22714
510170,35307
510180,61135
510160,8164
510185,6706
510190,20140
510260,16919
510263,36143
510267,45740
510268,7070
510269,4728
510270,21842
510279,10199
510285,8749
510300,19453
510305,12245
510310,5681
510325,39861
510320,33649
510330,21008
510335,31510
510336,4101
510337,20238
510340,618124
510343,5241
510250,94861
510345,9544
510350,22178
510360,8159
510370,14522
510380,3452
510385,7782
510390,5592
510395,3008
510410,36130
510420,15245
510450,2779
510452,7920
510454,6885
510455,3704
510460,13552
510480,27807
510490,8451
510500,8582
510510,35121
510517,16335
510520,11176
510515,41101
510523,6186
510525,67620
510530,2058
510558,10301
510560,16793
510562,27941
510590,15334
510600,5923
510610,13104
510615,15685
510620,3805
510621,12831
510880,4464
510618,6751
510885,3304
510890,8850
510895,9277
510622,46813
510617,3932
510623,20563
510619,3737
510624,12298
510625,20944
510627,4051
510626,9363
510631,2705
510628,4938
510630,22861
510629,11244
510637,17446
510642,35338
510645,2649
510650,33315
510665,6843
510670,1550
510675,45774
510677,12685
510682,12097
510685,2877
510680,5363
510700,15916
510704,63092
510706,17937
510715,2743
510718,10329
510719,2422
510720,5150
510757,4036
510760,236042
510770,17054
510775,3295
510724,4563
510774,2633
510776,3506
510777,8460
510726,3155
510779,5334
510780,16999
510787,26688
510788,1678
510790,146005
510792,92769
510785,11843
510729,4450
510730,21011
510735,5620
510710,18846
510740,4771
510794,9429
510795,105711
510800,14046
510805,9473
510810,3824
510820,3547
510830,3490
510835,3126
510850,11402
510550,16271
510860,26496
510840,287526
510020,26204
150010,159080
150013,7486
150020,55669
150030,39567
150040,57092
150050,34076
150060,115969
150070,29688
150080,535547
150085,28607
150090,46471
150095,31773
150100,16404
150110,31325
150120,48459
150125,3262
150130,127027
150145,17839
150140,1499641
150150,63768
150157,17118
150160,16530
150170,128914
150172,14983
150175,7368
150178,67332
150180,103497
150190,29427
150200,24064
150195,34609
150210,139364
150215,38103
150220,69431
150230,54425
150240,203251
150250,23948
150260,12131
150270,47991
150275,33781
150276,13761
150277,17846
150280,34994
150285,14587
150290,40584
150293,60469
150295,33940
150300,7070
150304,20525
150307,26111
150309,41081
150310,33755
150320,39023
150330,63036
150340,11861
150345,65625
150350,32595
150360,101395
150370,53355
150375,7590
150380,59842
150390,58960
150400,29282
150410,8573
150420,283542
150430,29516
150440,28450
150442,133685
150445,31975
150450,27890
150460,31530
150470,83182
150475,16184
150480,58162
150490,40906
150405,30235
150495,21444
150497,16854
150500,15506
150503,25766
150506,77214
150520,32850
150530,74016
150543,33335
150540,17961
150548,48414
150549,7582
150550,114503
150553,213576
150555,5410
150560,8081
150563,12979
150565,31659
150570,31549
150580,62945
150590,41801
150600,29846
150610,10857
150611,13702
150613,85563
150616,18201
150618,52803
150619,51500
150620,40922
150630,24075
150635,21449
150640,10314
150650,71837
150655,19843
150658,21850
150660,24995
150670,74419
150680,306480
150690,6753
150700,31918
150775,6009
150780,11480
150790,25565
150710,18129
150715,25753
150720,32139
150740,15930
150730,132138
150745,24705
150746,6217
150747,23244
150750,14051
150760,59632
150770,26974
150795,108969
150796,11847
150797,18917
150800,64030
150803,31257
150805,19168
150808,40136
150810,115144
150812,60761
150815,45435
150820,54172
150830,61751
150835,15279
150840,45086
150034,27615
150510,52306
250020,5630
250030,28439
250040,20921
250050,14560
250053,5509
250057,2577
250060,19727
250073,2251
250077,8416
250090,13542
250100,20463
250080,16921
250110,22656
250115,2116
250120,7027
250130,19116
250135,4029
250150,21269
250153,4964
250160,15497
250157,8349
250170,6065
250180,97203
250140,9096
250190,17705
250200,7349
250205,3536
250210,5307
250215,7136
250220,2575
250230,4956
250240,12022
250250,17870
250270,5287
250280,14206
250290,6464
250300,21955
250310,5661
250320,68767
250330,10305
250340,3695
250350,17178
250355,7199
250360,7191
250370,62289
250375,3205
250380,6046
250390,6031
250400,411807
250403,6620
250407,4185
250410,2687
250415,7499
250420,4935
250430,30684
250435,4875
250440,19007
250450,6658
250460,25010
250470,4787
250480,15441
250485,1935
250490,17461
250500,7832
250520,6775
250510,20334
250523,6356
250530,2512
250527,5218
250535,5370
250540,8315
250560,6528
250570,10413
250580,3582
250590,3539
250600,33199
250610,11215
250620,2989
250625,8303
250630,59115
250640,14127
250650,3453
250660,5903
250260,6105
250670,11848
250680,18144
250690,24419
250700,24828
250710,18823
250720,11016
250730,14450
250740,7745
251365,2639
250750,817511
250760,7976
250770,18298
250780,7195
250790,10793
250800,9849
250810,4653
250830,27617
250820,7737
250840,2718
250850,7265
250855,4369
250860,13214
250880,5752
250890,45136
250900,10972
250905,8653
250910,21866
250915,6654
250920,13998
250930,8539
250933,4515
250937,2926
250939,6630
250940,13261
250950,5738
250960,4842
250970,33433
250980,9932
250870,3999
250990,10451
251000,7286
251010,10626
251020,5920
251030,4959
251040,6462
251050,3961
251060,3046
251065,1758
251070,2436
251080,108192
251090,12379
251100,3802
251110,7899
251120,28533
251272,6114
251130,16111
251140,18720
251150,11977
251160,6576
251170,4955
251180,10584
251190,19275
251200,18708
251210,32802
251203,3882
251207,4337
251220,4238
251230,23549
251240,13741
251250,44179
251260,1983
251270,19798
251278,1974
251280,8541
251274,3619
251275,4541
251276,4540
251290,24218
251300,3931
251310,12131
251315,6541
251320,6581
251330,5871
251335,3593
251340,15426
251370,137349
251380,4562
251350,5129
251360,6986
251385,2509
251530,52804
251550,13754
251570,2916
251580,7021
251560,3131
251590,6068
251593,5089
251597,7815
251610,15102
251600,26227
251615,3594
251620,69723
251630,17031
251392,4566
251390,34344
251396,3097
251394,2630
251398,3384
251420,7626
251430,6376
251440,4656
251450,20329
251455,3950
251460,3588
251465,1811
251470,4147
251480,3618
251445,5998
251400,4184
250070,18026
251410,4415
251490,7702
251500,7410
251510,11728
251520,3512
251540,10848
251640,10969
251650,15441
251660,14759
251670,15248
251675,3081
251680,9464
251690,15300
251700,9911
251720,5372
250550,3824
251710,2841
251740,2255
250010,10306
260005,100346
260010,37404
260020,19810
260030,25065
260060,14718
260070,38397
260080,22984
260090,22870
260100,11226
260110,84864
260105,20733
260120,74822
260130,14510
260140,42764
260170,76687
260150,12122
260160,20730
260180,12765
260190,60880
260200,38378
260210,48767
260220,39983
260230,38117
260250,7488
260260,51225
260240,8987
260270,13190
260280,58919
260290,208944
260300,34503
260310,20501
260320,28904
260340,5747
260330,11018
260345,158899
260350,18900
260360,8572
260370,24773
260380,20048
260392,13025
260390,19609
260400,84395
260410,365278
260415,14368
260420,43340
260430,11891
260450,21815
260440,13556
260460,26590
260470,18268
260480,12560
260490,10192
260500,24173
260510,37375
260515,19079
260520,69292
260530,31766
260540,22247
260545,3101
260550,12170
260560,22618
260570,33184
260580,15546
260590,31318
260600,140577
260610,30751
260620,80055
260630,7537
260640,84699
260650,19241
260660,29412
260670,7768
260680,118370
260690,12247
260760,26672
260700,23645
260710,4543
260720,97669
260730,31187
260740,4966
260765,36471
260770,13553
260775,26900
260780,17006
260750,26308
260790,706867
260795,11644
260800,17228
260805,14850
260820,16011
260810,33328
260825,11485
260830,14922
260840,15431
260875,25849
260850,21460
260845,18252
260860,13224
260870,16318
260880,40589
260890,56198
260900,25472
260910,16321
260915,21776
260920,11220
260930,15470
261430,11270
260940,63294
260950,32573
260960,393115
260970,23935
260980,15152
260990,69969
261000,63500
261010,7600
261020,26456
261030,11566
261040,22106
261050,28894
261060,56933
261070,334376
261080,22668
261090,67735
261110,354317
261100,36901
261130,27148
261120,11305
261140,15101
261150,26175
261153,6805
261160,1653461
261170,20646
261180,47616
261190,23628
261200,9764
261210,11068
261220,61249
261230,15862
261240,26890
261245,15558
261247,12650
261250,109897
261255,14562
261260,42100
261270,14223
261280,11865
261390,86915
261400,19196
261410,36050
261420,46361
261440,6021
261450,65647
261290,16069
261300,60042
261310,37368
261330,21398
261340,21586
261350,34021
261360,34056
261320,22899
261370,114079
261380,18085
261460,28704
261470,12859
261480,26106
261485,23623
261500,29127
261510,7198
261520,10206
261530,52802
261540,46164
261550,13813
261560,30816
261570,15243
261580,27551
261590,8256
261600,18661
261610,9553
261618,7571
261620,20954
261630,32772
261640,139583
261650,14757
260040,37082
260050,43686
220005,7102
220010,5131
220025,7665
220027,4918
220030,14339
220040,40605
220045,5445
220050,17604
220060,6783
220080,3170
220070,9938
220090,5827
220095,2551
220100,4720
220105,7863
220110,11326
220115,11671
220117,3952
220120,47185
220130,3352
220140,7027
220150,26905
220155,4030
220157,3587
220160,10473
220170,5507
220173,6210
220177,6815
220180,4505
220190,25387
220191,5651
220192,5685
220194,6426
220196,8347
220198,3848
220200,19807
220202,8264
220205,10630
220207,3573
220208,7674
220209,5781
220210,5620
220211,5069
220213,5965
220217,7311
220220,46893
220225,3944
220230,21258
220245,4114
220240,11445
220250,10964
220253,5890
220255,5085
220260,19715
220265,5451
220270,27845
220271,4899
220272,6168
220273,4032
220275,6516
220277,7661
220280,4807
220285,4685
220290,26709
220300,8323
220310,10444
220320,11426
220323,4968
220327,5367
220325,4459
220330,13840
220335,7029
220340,6922
220345,9565
220342,4354
220350,14575
220360,4930
220370,39848
220375,5319
220380,4462
220385,2560
220390,60025
220400,5347
220410,4323
220415,3200
220420,9372
220430,11659
220435,5460
220440,10694
220450,10497
220455,4568
220460,3879
220465,9457
220470,15319
220480,9838
220490,8566
220500,11551
220510,11028
220515,5729
220520,19170
220525,4513
220527,4875
220530,4447
220540,14376
220545,5466
220550,39336
220535,3005
220551,5485
220553,4777
220552,5640
220555,8577
220557,6777
220556,4656
220558,4075
220559,5198
220554,2858
220560,5283
220580,25504
220570,30438
220585,8342
220590,5351
220595,8543
220600,4547
220605,6449
220610,10958
220620,33833
220630,1242
220635,6608
220640,10564
220650,7767
220660,10615
220665,4530
220667,6811
220669,9209
220670,7322
220672,8602
220675,4891
220680,8723
220795,4383
220690,6556
220695,3003
220700,37085
220710,2468
220720,6873
220730,4126
220735,3404
220740,5036
220750,14587
220755,3937
220760,10819
220770,153482
220775,4323
220777,6406
220779,4065
220780,20554
220785,3669
220790,38778
220793,2544
220800,78431
220810,12139
220820,18459
220830,28874
220840,63787
220850,12608
220855,2720
220860,3150
220865,9017
220870,8796
220880,17979
220885,4309
220887,4488
220890,7376
220900,6433
220910,6247
220915,4033
220920,6254
220930,5882
220937,5255
220935,4642
220940,6441
220945,2166
220950,3803
221062,3451
221063,4303
221065,10058
221080,12746
221070,14649
221090,4563
221093,6767
220955,4451
220965,5779
220970,6420
220960,2932
220975,3057
220980,5030
221005,5354
221010,3741
221020,6700
220985,4614
220987,6064
220990,6122
220995,4848
220997,8038
221000,20662
221030,6371
221035,4577
221037,2646
221038,2454
221039,3038
221040,17639
221050,14324
221060,34877
221095,2929
221097,2773
221100,868075
221110,44569
221120,21655
221130,20929
221150,3080
221160,2952
221135,4938
221140,4386
221170,4471
220020,17470
410010,7408
410020,5857
410030,9470
410040,120041
410045,1682
410060,14859
412862,2685
410070,9778
410050,22176
410080,11503
410090,6332
410100,19311
410105,2788
410110,19926
410120,18949
410130,7427
410140,136234
410150,124810
410160,28300
410165,3009
410170,14000
410180,146214
410185,2066
410190,14954
410200,33340
410210,26209
410220,3881
410230,13092
410240,31211
410250,11426
410270,2781
410260,10312
410275,3457
410280,15399
410290,16400
410300,4047
410302,2470
410304,6365
410305,7540
410310,13129
410315,3506
410320,7068
410322,3254
410330,6439
410335,5382
410337,2585
410340,2954
410345,18456
410347,4009
410350,8606
410360,25466
410380,7917
410370,107341
410400,43685
410390,14043
410395,3859
410405,3763
410420,133865
410425,29740
410430,95488
410410,8045
410442,16053
410445,13329
410450,19148
410460,15834
410465,23825
410470,14356
410480,332333
410490,71809
410500,10167
410510,10764
410520,17833
410540,19167
410550,83816
410560,12797
410570,16450
410580,246540
410590,24145
410600,8857
410610,3876
410620,18837
410630,17117
410640,47842
410645,7518
410650,20580
410655,3127
410680,18741
410657,4240
410660,20947
410670,4449
410685,2921
410690,1948626
410700,15196
410440,14809
410530,11819
410715,5266
410710,5030
410712,3424
410720,41038
410725,8869
410730,5983
412863,5552
410750,13981
410753,4596
410740,5933
410752,1665
410754,4048
410755,3041
410760,17316
410765,102004
410773,5602
410775,7696
410785,4603
410780,4906
410790,6851
410800,10453
410810,2699
410820,6460
410830,258248
410845,4556
410832,5993
410840,92216
410770,4748
410850,13685
410855,2898
410860,28808
410865,7053
410870,5497
410890,6609
410895,8811
410900,3784
410910,2241
410920,5530
410930,12217
410940,182644
410950,7594
410960,37527
410880,33310
410965,5119
410970,31644
410975,6370
410980,55131
410990,7786
411000,4440
411005,2253
411007,13282
411010,32940
411030,3116
411040,4465
411020,11121
411050,15251
411060,13782
411065,2251
411070,61088
411080,10098
411090,4446
411095,11385
411100,6549
411110,6109
411120,12094
411125,29070
411130,2781
411150,31935
411160,3279
411155,8240
411140,13965
411170,5303
411180,39322
411190,13742
411200,35027
411210,21230
411220,5095
411230,4930
411240,9500
411250,11196
411260,1320
411270,12638
411275,8330
411280,12009
411290,3269
411295,7292
411300,7041
411310,4047
411320,48410
411325,5784
411330,32139
411340,3925
411342,3231
411345,4592
411350,23242
411360,4819
411370,575377
411373,7240
411375,4744
411380,4945
411390,13663
411400,13014
411420,34515
411410,23100
411430,27315
411435,2506
411440,16642
411450,13510
411460,53495
411470,5634
411480,35804
411500,7084
411510,10336
411490,8814
411520,430157
411535,5582
411530,6632
411540,14387
411545,4340
411550,4677
411560,18107
411570,35219
411573,3206
411575,10800
411580,46574
411585,5577
411590,2196
411600,1796
411605,10704
411610,12042
411620,16446
411630,4009
411640,4008
411650,1551
411660,3434
411670,10299
411680,5061
411690,27984
411695,5030
411700,8136
411705,11507
411710,13200
411720,5826
411725,10544
411721,4277
411722,8266
411727,5448
411729,2840
411730,21960
411740,3425
411745,6016
411750,41773
411760,51755
411770,33994
411780,12960
411790,32121
411810,11580
411820,156174
411830,3241
411840,88922
411800,14023
411845,5684
411850,83843
411860,5908
411870,7387
411880,14007
411885,6160
411915,133490
411925,2737
411920,6324
411930,32559
411950,114970
411940,25617
411960,29994
411965,3262
411910,12882
411970,4272
411980,13431
411990,355336
411995,27915
412000,12748
412010,4874
412015,3184
412020,2556
412030,4061
412033,3780
412035,5095
412040,5351
412050,11130
412060,52513
411890,11321
411900,6288
412065,4465
412070,7477
412080,23911
412085,4029
412090,34409
412100,12232
412110,4508
412120,19221
412125,4476
412130,3784
412135,2628
412140,16950
412150,14946
412160,6787
412170,26825
412175,8069
412180,10645
412190,12948
412200,15336
412210,3182
412215,13255
412217,4109
412220,32517
412230,34411
412240,67383
412250,9645
412260,9622
412265,4689
412270,6891
412280,3483
412290,4898
412300,14872
412310,3266
412320,3293
412330,7751
412340,12186
412350,26767
412360,1594
412370,8523
412380,14794
412382,3793
412385,9410
412390,11622
412395,4017
412402,10096
412405,23699
412400,4954
412410,46251
412420,2626
412430,2068
412440,20261
412450,5416
412620,6722
412625,97803
412627,5539
412630,19385
412635,4477
412640,5216
412650,16413
412660,21249
412665,2930
412460,6920
412470,11128
412520,9028
412530,5543
412535,5586
412540,6160
412545,3627
412550,329058
412480,10181
412490,5837
412500,10056
412510,15241
412555,2163
412560,46705
412570,27576
412575,5820
412580,11046
412590,2289
412600,8859
412610,5750
412667,15040
412670,5158
412680,16345
412690,5495
412700,12567
412710,79792
412720,17200
412730,16924
412740,17522
412750,20607
412760,17084
412770,142645
412780,7807
412785,12038
412788,9022
412790,8533
412795,8109
412796,13095
412800,20909
412810,112500
412830,2614
412820,57913
412840,11273
412853,12088
412855,8454
412860,7174
412865,4022
412870,6859
412850,19386
412880,5630
410115,2930
330010,207044
330015,11901
330020,134293
330022,12669
330023,34477
330025,30593
330040,184833
330030,100764
330045,513118
330050,27616
330060,37203
330070,230378
330080,59303
330090,15514
330100,511168
330110,20168
330093,16586
330115,12821
330120,19030
330130,45041
330095,8576
330140,23398
330150,22041
330160,11528
330170,924624
330180,14071
330185,61388
330187,28837
330190,242543
330200,134819
330205,15299
330210,23222
330220,103800
330225,32064
330227,105548
330230,7326
330240,261501
330245,5623
330250,246433
330260,45220
330270,164504
330280,18648
330285,176569
330290,25581
330300,27154
330310,15311
330320,162693
330330,515317
330340,191158
330350,823302
330360,52683
330380,43680
330370,44518
330385,27858
330390,306678
330395,25364
330400,29545
330410,18960
330411,19974
330412,14435
330414,151335
330415,25126
330420,132312
330430,60573
330440,18605
330450,9344
330452,155193
330455,6747815
330460,10392
330470,42594
330540,18249
330550,90583
330555,83092
330560,21774
330570,15667
330480,38710
330475,42210
330490,1091737
330513,7206
330515,21916
330500,36423
330510,472906
330520,106049
330530,9387
330575,34610
330580,184240
330590,10640
330600,82142
330610,76869
330615,11106
330620,37083
330630,273988
240010,11121
240030,11029
240050,13553
240060,4710
240070,14728
240080,11705
240090,7154
240100,35874
240110,27967
240120,14417
240020,58384
240145,28747
240150,3994
240140,9322
240160,5525
240165,2197
240170,10267
240180,12787
240200,68343
240185,6561
240190,3715
240130,9670
240210,11291
240220,34548
240230,20541
240250,10867
240240,8239
240260,73886
240270,11181
240280,5504
240290,4915
240300,7983
240310,44905
240320,7072
240330,5668
240340,6054
240350,10484
240360,28936
240370,5997
240375,3067
240380,9786
240390,2813
240400,4041
240410,2845
240420,26669
240430,13076
240440,10463
240450,15963
240460,13901
240470,15626
240480,2253
240485,7595
240490,5897
240510,6893
240520,5248
240530,10275
240540,4995
240550,2606
240560,14942
240570,12396
240500,9238
240600,5946
240580,35160
240590,2654
240610,18315
240615,3922
240650,15749
240660,8297
240620,6811
240630,7584
240640,2732
240670,11344
240680,4763
240690,4025
240700,10146
240720,32039
240710,81821
240725,4062
240730,8336
240740,8758
240750,12544
240760,4634
240770,11208
240780,22576
240790,2084
240800,300618
240810,890480
240830,37450
240820,27938
240840,4244
240850,4813
240860,4276
240880,5272
240870,3750
240890,21545
240325,267036
240910,13474
240920,3102
240930,12809
240940,30600
240950,3199
240960,2438
240970,6653
240980,14844
240990,15272
241000,3869
241020,7906
241025,6522
241010,15531
241040,9724
241050,5128
241060,3208
241070,3614
241080,4199
241090,8220
240895,10905
241100,4462
241110,3592
241120,39988
240933,5621
241140,11956
241142,2689
241150,24280
241310,6127
241320,4484
241030,10522
241340,8092
241330,5751
241335,12083
241350,6178
241355,4816
241360,2088
241160,2717
241170,4495
241180,3595
241190,4255
241200,103672
241220,44236
241230,12879
241240,4665
241210,6207
241250,23655
241255,10362
241260,17720
241270,5930
241280,8192
241290,11053
241300,6450
241370,5561
241380,2586
241390,12297
241400,15869
241410,10855
241415,6019
241105,4140
241420,14440
241430,2421
241440,33503
241445,3216
241450,10520
241460,14800
241475,4205
241480,12637
241500,3194
241490,1725
241470,5515
240040,3272
110001,22728
110037,13255
110040,21847
110034,14106
110002,109523
110045,40356
110003,5188
110060,6269
110004,85893
110070,14266
110080,27388
110090,2987
110005,16204
110092,11472
110006,15544
110007,7220
110008,18798
110094,26183
110009,32695
110100,7445
110010,46556
110110,10641
110011,51620
110012,130009
110013,40867
110120,9559
110130,10818
110140,16007
110014,20489
110033,31392
110143,6895
110050,8329
110015,35737
110145,6198
110018,36881
110146,2148
110020,539354
110025,18571
110147,2776
110026,3804
110028,55407
110029,6216
110150,11851
110148,5066
110149,20681
110032,23077
110155,4233
110160,10395
110170,11272
110175,11377
110180,6656
110030,102211
140005,15380
140002,13185
140010,419652
140015,12557
140017,18799
140020,22283
140023,10383
140028,12296
140030,18172
140040,11532
140045,18913
140047,30782
140050,8348
140060,8110
140070,10789
430003,4942
430010,16401
430020,6987
430030,5827
430040,73028
430045,3374
430047,1949
430050,6067
430055,1613
430057,3036
430060,211352
430063,7085
430064,7403
430066,1343
430070,5961
430080,13045
430085,3562
430087,5771
430090,6189
430130,18238
430100,20967
430107,2951
430105,10279
430120,13413
430110,14177
430140,10423
430150,6602
430160,121335
430163,14363
430195,2551
430185,3257
430187,4227
430190,13556
430192,1655
430180,5256
430200,11182
430165,6202
430170,6620
430175,7519
430205,1958
430210,121803
430215,2092
430220,6712
430222,2468
430223,2616
430225,2778
430230,11309
430235,14255
430237,1899
430240,12390
430245,7702
430250,6205
430258,2111
430260,3311
430265,5104
430270,20952
430290,12423
430300,81869
430310,131240
430320,5074
430330,4823
430340,4700
430350,66478
430355,2742
430360,6406
430367,3395
430370,5398
430380,5438
430390,69458
430400,4376
430410,3295
430420,31421
430435,9647
430440,45488
430450,56211
430460,348208
430461,1705
430468,12064
430469,2763
430467,4728
430462,1641
430463,54051
430465,3699
430466,25409
430470,62265
430471,8350
430480,30241
430485,1351
430490,9051
430495,3216
430500,8701
430510,517451
430280,33548
430511,2877
430512,6047
430513,4706
430515,2296
430517,12413
430520,14189
430530,9239
430535,41258
430537,3252
430540,3719
430544,5480
430543,6770
430545,16583
430550,4719
430558,2469
430560,3130
430570,6759
430580,9907
430583,1495
430585,2286
430587,2520
430590,7268
430593,1614
430595,3838
430597,2743
430600,13357
430605,8067
430607,2844
430610,59922
430613,1799
430620,12402
430430,6151
430630,4736
430632,2761
430635,2378
430637,3002
430640,33119
430642,2008
430645,3405
430650,15487
430660,38339
430655,2527
430670,2999
430673,4462
430675,1975
430676,41902
430680,22880
430690,25960
430692,982
430695,2758
430693,8411
430697,2982
430700,106633
430705,3170
430720,4819
430730,6802
430740,3287
430745,2885
430750,15591
430755,5940
430770,83279
430780,34399
430781,3650
430760,50672
430783,2352
430786,2741
430790,73061
430800,6663
430805,2284
430807,4608
430810,13640
430820,31063
430825,1737
430830,10241
430840,6616
430843,2400
430845,4285
430850,31498
430860,35440
430865,2886
430870,5489
430880,8361
430885,1626
430890,16184
430900,15863
430905,8204
430910,36555
430915,4352
430912,2058
430920,283620
430925,1490
430940,25968
430950,7463
430930,98239
430955,4917
430710,6814
430957,3019
430960,19389
430965,6836
430970,4736
430975,4399
430980,4699
430990,7265
430995,4000
431000,20413
431010,37340
431020,83764
431030,4066
431033,23271
431036,3100
431040,6109
431041,2215
431046,1880
431043,6689
431050,7141
431053,5537
431055,3460
431057,2065
431060,37489
431065,2397
431070,3231
431075,1881
431080,24690
431085,3773
431087,2706
431090,3546
431110,10765
431100,26500
431112,3662
431113,3486
431115,8566
431120,19224
431123,2921
431130,27778
431127,1607
431125,6461
431140,85033
431142,2566
431150,7444
431160,5152
431162,6125
431164,1719
431170,5427
431173,2973
431175,7307
431177,6681
431179,2702
431180,44858
431190,4319
431198,3888
431200,2009
431205,3995
431210,4797
431213,2542
431215,4573
431217,1629
431220,4314
431171,4562
431225,8103
431230,4911
431235,1441
431237,3232
431238,2530
431240,65721
431242,3113
431244,2919
431245,6589
431247,6513
431250,12847
431261,3173
431262,1897
431260,4961
431267,1674
431270,11633
431275,3663
431280,4826
431290,10005
431295,1753
431300,3337
431301,2688
431303,5410
431306,21875
431310,6515
431320,21536
431330,27648
431308,2558
431333,2218
431335,3717
431337,29905
431349,4175
431339,4222
431340,247032
431342,3256
431344,2200
431346,1712
431265,17758
431350,46414
431360,3778
431365,11330
431370,33131
431380,7056
431390,44128
431395,9083
431400,7727
431402,7623
431403,3862
431405,58858
431406,5747
431410,204722
431407,6574
431413,2299
431415,8515
431417,1954
431420,7706
431430,3857
431440,343132
431442,5738
431445,2580
431447,4329
431446,1918
431449,4899
431450,12195
431454,3036
431455,2254
431460,20704
431470,10019
431478,1524
431477,3901
431490,1488252
431500,4594
431505,2352
431507,1308
431510,10194
431480,37561
431513,1612
431475,2101
431514,2937
431515,6239
431517,1938
431520,3889
431530,22607
431531,1856
431532,2790
431535,3803
431540,11669
431545,2079
431550,15744
431560,211965
431570,38265
431555,2660
431575,4676
431580,11471
431590,5868
431595,2296
431600,21453
431610,10617
431620,5080
431630,6797
431640,39314
431642,2605
431643,2622
431645,12481
431647,2733
431650,7889
431660,16328
431710,76321
431670,7909
431673,1634
431675,6681
431680,131365
431697,2578
431690,283677
431695,6364
431720,73575
431725,1726
431730,29483
431700,8067
431740,49360
431760,43171
431770,10050
431755,2123
431775,2019
431780,13848
431790,14216
431795,2305
431750,77568
431990,80037
432000,141808
432010,24763
432020,10713
432023,2891
432026,7444
432030,5107
432032,2770
432035,5609
432040,17795
432050,5315
432055,6537
432057,1950
432060,3631
432065,2374
432067,10162
432070,15005
432080,31035
431800,60019
431805,3083
431810,18205
431820,21801
431830,62147
431840,24412
431844,2816
431845,2514
431846,1943
431848,4865
431849,2056
431850,27721
431860,6922
431861,2437
431862,3543
431842,4641
431843,2543
431870,238648
431880,43540
431890,33293
431900,21658
431910,5380
431912,3231
431915,7683
431920,5208
431930,5720
431935,3842
431936,2017
431937,2949
431940,16148
431950,25959
431960,23555
431970,3259
431971,2245
431973,2729
431975,2266
431980,8732
432045,1924
432085,4769
432090,24552
432100,10577
432110,17332
432120,57584
432130,26885
432132,3077
432135,5483
432140,13434
432143,11315
432145,33766
432146,3055
432147,5616
432149,2772
432150,39064
432160,52632
432162,2334
432195,5791
432200,29856
432163,2643
432166,11115
432170,28581
432183,2669
432185,4251
432190,23852
432180,23876
432210,5644
432215,4577
432218,1459
432220,24068
432225,4939
432230,7810
432232,3423
432234,1983
432237,2321
432235,1118
432240,126866
432250,66575
432254,5981
432252,3515
432253,11828
432255,2122
432260,71973
432270,27099
432280,26533
432285,1795
432290,4690
432300,256302
432310,4599
432320,2860
432330,3396
432335,2080
432340,4363
432345,4277
432350,2739
432360,1557
432370,2855
432375,3092
432377,3031
432380,16775
430005,3743
430155,3535
420005,2548
420010,17960
420020,11013
420030,5509
420070,10086
420075,1926
420080,5557
420090,4743
420100,6957
420110,3228
420120,8613
420125,10848
420127,4267
420130,39524
420140,68867
420150,8759
420160,3549
420165,2234
420170,7978
420180,3195
420190,5683
420195,13430
420205,11035
420200,145796
420207,11260
421280,23772
422000,12946
420208,2648
420209,1651
420210,29860
420213,6362
420215,2709
420220,11775
420230,69486
420240,361855
420243,3488
420250,4772
420253,3057
420257,2139
420260,10060
420245,20335
420270,5322
420280,33876
420285,3769
420287,2368
420290,137689
420310,6130
420315,3335
420320,85105
420330,11981
420340,6952
420350,8418
420360,36556
420370,12398
420380,54480
420390,23035
420395,25177
420325,2496
420400,10984
420410,3551
420300,79313
420415,2719
420417,3068
420419,3006
420420,224013
420425,16821
420430,75167
420435,4520
420440,9940
420445,2555
420455,12553
420450,16107
420460,217311
420470,11118
420475,1967
420480,39893
420490,8192
420500,15545
420510,4186
420515,4115
420517,3218
420519,2061
420520,4418
420530,10649
420535,1579
420540,508826
420543,2495
420545,27211
420550,36584
420555,1970
420560,2791
420570,23579
420580,18484
420590,70793
420600,14606
420620,11577
420610,6595
420630,24382
420640,10026
420650,45797
420660,5178
420665,4698
420670,22714
420675,1954
420680,3178
420690,19096
420710,14359
420720,9948
420730,45286
420740,6241
420750,70900
420757,2962
420760,4406
420765,9045
420768,7579
420770,7620
420775,3938
420780,10498
420785,1909
420790,11289
420810,21780
420820,223112
420830,67338
420840,17007
420845,21177
420850,25355
420800,6129
420700,57247
420860,3918
420870,10376
420880,20288
420890,181173
420895,1546
420900,30404
420910,597658
420915,5007
420917,2092
420920,2247
420930,157349
420940,46122
420945,1418
420950,7063
420960,15313
420970,12115
420980,3000
420985,4546
420990,12315
421000,13107
421003,5684
421005,1766
421010,56561
421020,3454
421030,8156
421040,7378
421050,26116
421055,1750
421060,17125
421070,2480
421080,7001
421085,2283
421090,4218
421100,11889
421105,9906
421110,8269
421125,2888
421120,17947
421130,83626
421140,5092
421145,4329
421150,14782
421160,15342
421165,2404
421170,23038
421175,18975
421180,7272
421185,2207
421187,1474
421189,2356
421190,175272
421200,7372
421205,2650
421210,16157
421220,19422
421223,3360
421225,9048
421227,4109
421230,7569
421240,3953
421250,33284
421260,2760
421265,10159
421270,5905
421290,20712
421300,3596
421310,3745
421315,2888
421320,34010
421330,4650
421335,3420
421340,11634
421350,21932
421360,35543
421370,17712
421380,7312
421390,1547
421400,17726
421410,2283
421415,2937
421420,9829
421430,2887
421490,4620
421500,42495
421505,2483
421440,6202
421450,5902
421460,7520
421480,72006
421470,11808
421507,4561
421510,11600
421520,4684
421530,7659
421535,3754
421540,4756
421545,12905
421550,16918
421555,2200
421560,2147
421565,8378
421567,8773
421568,2372
421569,1235
421570,23579
421730,9810
421740,21991
421750,17576
421755,3256
421760,14092
421770,30733
421775,2423
421580,85421
421575,2287
421590,2814
421600,11369
421605,5598
421610,9434
421620,53746
421650,27139
421660,250181
421670,13820
421680,8173
421630,38583
421635,3759
421625,6402
421640,7315
421690,24291
421700,13650
421710,3171
421715,1807
421720,40868
421725,5935
421780,18486
421790,8662
421795,1619
421800,39155
421810,5343
421820,44977
421825,7941
421835,3966
421850,7991
421840,7093
421860,7434
421830,19366
421870,106422
421875,4525
421880,12990
421885,2412
421890,11273
421895,2459
421900,21344
421915,2432
421917,4451
421910,3571
421920,6329
421930,53610
421935,4943
421940,3998
421950,51642
421960,3903
421970,28983
421985,3398
420040,7152
420055,2354
420060,6559
420050,6515
280010,2380
280020,21681
280030,664908
280040,9947
280050,18686
280060,30930
280067,26899
280070,8353
280100,18218
280110,4006
280120,30402
280130,34514
280140,22239
280150,16937
280160,5913
280170,18029
280190,3998
280200,5215
280210,69556
280220,5601
280230,15556
280240,11601
280250,3384
280260,5824
280270,8521
280280,18149
280290,96142
280300,42166
280310,4886
280320,34709
280330,18907
280340,13429
280350,105221
280360,30080
280370,6961
280380,3699
280390,12653
280400,17271
280410,11348
280420,15175
280430,7639
280440,18703
280445,8809
280450,37324
280460,26795
280470,6496
280480,185706
280490,14540
280500,3285
280510,9665
280520,6627
280530,9359
280560,28693
280540,35122
280550,23867
280570,29692
280590,10284
280580,19809
280600,18773
280610,11008
280620,20025
280630,14121
280650,3923
280640,7844
280660,12151
280710,40606
280720,8970
280670,91093
280680,11207
280690,3781
280700,3947
280730,3249
280740,52530
280750,13535
280760,25550
350010,35111
350020,3554
350030,36648
350070,37401
350075,6129
350080,4184
350090,4186
350100,16203
350110,4088
350115,18767
350150,3237
350160,242018
350190,72677
350170,41032
350180,5981
350200,5056
350210,57202
350220,25479
350230,6819
350240,4144
350250,36185
350260,4158
350270,24226
350300,5655
350310,6365
350315,2460
350320,238339
350330,135506
350275,22860
350280,198129
350290,34776
350335,1773
350340,8613
350350,3896
350360,11158
350370,9761
350380,55340
350390,91157
350395,1818
350400,105087
350410,144088
350420,15253
350440,13859
350450,91232
350430,5436
350460,17761
350470,5934
350490,10993
350510,7468
350520,35558
350530,36126
350535,5760
350540,7632
350550,122833
350560,33180
350570,276982
350500,3498
350580,20953
350590,62980
350600,379297
350610,77555
350620,3005
350630,11158
350635,64723
350640,8117
350650,124883
350660,32936
350670,15018
350680,12452
350690,11921
350700,62170
350710,25985
350715,3984
350730,4868
350740,16164
350745,2683
350720,838
350750,148130
350760,170533
350770,5741
350775,2889
350780,25277
350790,24636
350800,19965
350810,17281
350820,4514
350480,9139
350840,50429
350830,4243
350860,33581
350870,19009
350880,17843
350890,4193
350900,102775
350910,5946
350920,77934
350925,28494
350930,10596
350940,26393
350945,6057
350950,1213792
350960,85541
350980,4997
350970,52405
350990,12541
350995,5204
351015,5292
351030,20985
351040,56379
351020,47118
351050,123389
351060,403183
351070,12349
351080,30520
351100,21267
351110,122497
351120,7855
350850,95018
351130,9346
351140,20191
351150,49802
351160,18375
351170,17367
355720,12418
351190,8757
351200,18535
351210,6216
351220,28273
351230,18019
351240,24826
351250,6129
351260,4635
351270,4064
351290,7298
351280,73474
351300,253608
351310,35579
351320,8718
351340,82571
351330,2046
351350,131626
351360,21459
351090,2505
351000,31346
351010,2799
351370,33910
351380,426757
351385,1799
351390,11086
351400,9010
351410,27512
351420,2112
351430,8878
351440,47043
351450,12433
351460,10023
351470,6064
351480,15544
351490,17936
351492,3697
351495,2449
351500,276535
351510,69901
351512,3227
351515,21249
351518,44471
351519,4878
355730,11407
351520,8419
351530,2770
351535,9325
351540,16070
351560,5794
351550,69402
351565,1727
351570,196500
351580,1430
351590,2900
351610,2653
351600,14790
351620,355901
351630,177633
351640,156492
351650,2776
351670,44409
351680,4860
351685,4815
351690,10862
351700,11447
351710,4829
351730,5785
351720,12294
351760,17025
351750,21775
351790,11287
351800,1998
351810,6675
351820,33100
351830,30136
351840,122505
351780,8290
351850,18887
351860,40487
351870,322750
351880,1392121
351770,21308
351885,7709
351740,41040
351890,5307
351660,6482
351900,9588
351905,15272
351907,234259
351910,11858
351920,6295
351925,9517
351930,35472
351950,7841
351940,12518
351960,60600
351970,79479
351980,8304
351990,8194
352010,30614
352020,9583
352000,24749
352030,30989
352042,11362
352044,26788
352040,35591
352050,256223
352060,4879
352070,3886
352080,4019
352090,15069
352100,37964
352110,7687
352115,5476
352120,4199
352130,16604
352140,24614
352160,8325
352150,8048
352170,17480
352190,15297
352200,3887
352210,103102
352215,3330
352220,177662
352230,165526
352240,94804
352250,240961
352260,75234
352265,4268
352280,15173
352300,4951
352290,14147
352310,375011
352320,50642
352330,17598
352340,122581
352350,20921
352180,27382
352360,18387
352370,6543
352380,7852
352390,175568
352400,62813
352410,42045
352270,43331
352420,6946
352430,77652
352440,235416
352450,7196
352460,17889
352470,58722
352480,49201
352490,6717
352500,126356
352510,44970
352520,30617
352530,151881
352540,3151
352550,13338
352570,37366
352560,4551
352585,3418
352590,423006
352600,20831
352620,31646
352610,18718
352580,4800
352630,4889
352640,28785
352660,7311
352650,12285
352670,104346
352680,68990
352690,308482
352700,8092
352710,78503
352720,89125
352725,2300
352730,49993
352750,2403
352740,21886
352770,5855
352780,4596
352790,2636
352760,15292
352800,17214
352810,8147
352820,3692
352830,3102
352840,47441
352850,101937
352860,9910
352870,5948
352880,14036
352885,3064
352910,2106
352890,4091
352920,26628
352900,240590
352930,83626
352940,477552
352950,5565
352960,3824
352965,1905
352970,22355
352980,12966
353000,3106
352990,19643
353010,29706
353020,18338
353030,60303
353040,4919
353050,68980
353070,153033
353080,93650
353060,450785
353090,3508
353110,57648
353120,8111
353130,50772
353140,25373
353150,18968
353160,4166
353180,60754
353170,4696
353100,2267
353190,33288
353200,13781
353205,4795
353210,4506
353215,3179
353220,4904
353230,6642
353240,18698
353250,8923
353260,11527
353270,5298
353280,7068
353282,9860
353284,1852
353286,1278
353290,11355
353300,21689
353310,2325
353320,4053
353330,4160
353340,60956
353325,5945
353350,41414
353360,7478
353370,4291
353390,55130
353400,4422
353410,6542
353420,7194
353430,44360
353440,699944
353450,2603
353460,33000
353470,114352
353480,8620
353475,10539
353490,14263
353500,13123
353510,13486
353520,9227
353530,22272
353540,15862
353550,45945
353560,18263
353580,20395
353590,4095
353600,10949
353570,6496
353610,6508
353620,19723
353625,2169
353630,14807
353640,7454
353657,1834
353660,8959
353650,112003
353670,47111
353680,6110
353690,2481
353700,16811
353710,48463
353715,3101
353720,11421
353730,63757
353740,25677
353750,8773
353760,69001
353770,6038
353780,55542
353790,29402
353800,170132
353810,17216
353820,15388
353830,3699
353850,13575
353860,27462
353870,407252
353880,29869
353890,25719
353900,11471
353910,19178
353920,27754
353930,76877
353940,13765
353950,40080
353960,5304
353970,3578
353990,6113
354000,22172
354010,3400
354020,50852
354025,4674
354030,2577
354040,4152
354050,10067
354060,53402
354070,56504
354075,25130
354080,17516
353980,118349
354085,4212
354090,21873
354100,330845
354105,5317
354110,4080
354120,13023
354130,44389
354140,230371
354150,39583
354160,40828
354165,3854
354170,14210
354180,3460
354190,13606
354200,6688
354210,9101
354220,29726
354230,3839
354240,20394
354250,9837
354260,56393
354270,7679
354280,3330
354290,13299
354300,16211
354310,4752
354325,7679
354330,124159
354340,711825
354320,4539
354323,2224
354360,3640
354370,10812
354380,9961
354390,208008
354410,51436
354400,35738
354420,12689
354350,5443
354425,16281
354430,10801
354450,3170
354440,3162
354460,5614
354470,2430
354480,6407
354490,11998
354500,17252
354510,5337
354515,8393
354520,119736
354540,9364
354530,45860
354550,4354
354560,15561
354570,6022
354600,14857
354580,194390
354610,2113
354620,4544
354625,2153
354630,34737
354640,47943
354650,5588
354660,32563
354670,27381
354680,57966
354690,8854
354700,6236
354710,2943
354740,2487
354750,27600
354760,26753
354765,1552
354720,1467
354730,142301
354770,20866
354780,721368
354790,6977
354800,23529
354805,8481
354810,5940
354820,6827
354830,3135
354850,433656
354840,4817
355110,10390
355120,3630
355130,3554
355140,14981
355160,29452
355150,45644
355170,127142
355180,12780
355190,17661
355200,6339
355210,41352
355220,687357
355230,7728
355240,286211
355250,300559
355255,4014
354860,10893
354870,844483
354880,161957
354890,254484
354900,2817
354940,52319
354950,8960
354960,4144
354970,55124
354980,464983
354990,729737
354910,91771
354920,2561
354925,1932
354930,2100
354995,15978
355000,10690
355010,41123
355020,33002
355030,12325232
355040,35980
355050,7696
355060,92060
355070,90328
355080,12159
355090,15385
355100,368355
355260,12485
355270,16644
355280,293652
355290,6329
355300,14141
355310,6320
355320,5564
355330,23232
355340,26101
355360,12950
355350,7766
355365,2813
355370,57364
355380,23256
355385,5911
355390,7540
355395,15183
355400,122967
355410,317915
355420,4491
355430,23273
355440,9437
355450,42517
355460,2652
355465,2422
355470,10056
355475,1738
355480,47714
355490,5832
355495,6977
355510,15583
355500,65570
355520,2020
355530,1696
355535,6400
355540,91824
355550,4804
355560,10151
355570,1865
355590,1153
355600,13888
355580,9120
355610,13532
355620,131210
355630,26822
355635,10692
355645,53468
355640,43110
355660,10823
355670,80111
355680,19017
355690,8989
355695,1846
355700,123599
355710,95338
355650,123071
355715,2752
350040,8221
350050,18808
350055,6109
350060,3521
350120,3647
350130,24998
350140,5274
353380,2471
170025,2594
170030,6892
170035,5346
170040,6979
170070,8396
170100,9492
170105,3454
170110,4848
170130,5731
170190,7155
170215,5793
170220,36170
170200,8467
170210,183381
170230,6616
170240,10534
170255,18643
170270,3783
170290,9787
170300,10666
170305,3592
170307,4632
170310,5651
170320,4448
170330,5008
170360,2211
170370,5519
170380,11497
170382,2284
170384,10312
170386,4441
170388,2603
170389,4130
170390,5442
170410,2936
170510,3331
170460,1410
170550,35851
171670,8141
170555,4861
170560,4087
170600,5639
170610,7278
170625,1735
170650,6174
170700,22424
170710,6943
170720,7185
170730,4686
170740,11139
170765,5243
170770,8874
170820,18399
170755,3830
170830,5130
170900,13095
170930,26165
170950,87545
170980,2052
171050,7452
171070,5832
171090,3795
171110,2420
171150,3878
171180,2184
171190,13676
171195,4393
171200,3167
171215,1954
171240,3733
171245,3154
171250,5254
171270,2729
171280,3448
171320,17936
171330,13493
171370,2295
171360,8066
171395,3587
171420,9250
171430,3834
171488,11917
171500,4304
171510,4397
171515,2332
171525,2745
171550,1118
172100,306296
171570,6131
171380,6745
171575,7676
171620,10437
171610,51891
171630,4867
171650,13773
171660,11873
171665,5512
171700,4430
171720,3033
171750,7743
171780,4591
171790,8116
171800,3170
171820,53316
171830,8498
171840,3676
171845,2717
171850,4342
171855,4684
171875,6488
171865,2171
171870,2856
171880,4794
171884,3373
171886,7595
171888,3486
171889,2386
171890,4846
171900,2897
172000,2530
172065,5428
172085,1986
172010,5391
172015,1598
172020,12294
172025,3094
172030,4852
172049,3904
172080,8997
170825,2602
172090,16825
172093,2166
172097,2812
172120,22845
172110,7617
172125,1922
172130,2729
172208,11734
172210,11520
